Age,BusinessTravel,DailyRate,Department,DistanceFromHome,Education,EducationField,EmployeeCount,EnvironmentSatisfaction,Gender,HourlyRate,JobInvolvement,JobLevel,JobRole,JobSatisfaction,MaritalStatus,MonthlyIncome,MonthlyRate,NumCompaniesWorked,OverTime,PercentSalaryHike,PerformanceRating,RelationshipSatisfaction,StandardHours,StockOptionLevel,TotalWorkingYears,TrainingTimesLastYear,WorkLifeBalance,YearsAtCompany,YearsInCurrentRole,YearsSinceLastPromotion,YearsWithCurrManager,Predicted Attrition
29,1,805,1,1,2,1,1,2,0,36,2,1,1,1,0,2319,6689,1,1,11,3,4,80,1,1,1,3,1,0,0,0,0
47,1,1482,1,5,5,1,1,4,1,42,3,5,2,3,0,18300,16375,4,0,11,3,2,80,1,21,2,3,3,2,1,1,0
27,1,486,1,8,3,2,1,2,0,86,4,1,3,3,0,3517,22490,7,0,17,3,1,80,0,5,0,3,3,2,0,2,0
38,1,433,0,1,3,0,1,3,1,37,4,1,0,3,0,2844,6004,1,0,13,3,4,80,1,7,2,4,7,6,5,0,0
38,1,1495,1,4,2,2,1,4,0,87,3,1,1,3,0,3306,26176,7,0,19,3,4,80,1,7,5,2,0,0,0,0,0
